"Page","Impressions","Clicks","CTR","Avg. Position"
"https://estudiodefotografia.info/documentos-de-identidad/tamano-carnet-medidas/","3837","15","0.39%","6.8527511597602295"
"https://estudiodefotografia.info/inapropiado/mujer-sin-ropa-fotos/","1590","69","4.34%","8.159743207547168"
"https://estudiodefotografia.info/consejos/que-es-un-archivo-nef-y-como-abrir-uno/","1455","2","0.14%","4.548457800687285"
"https://estudiodefotografia.info/conceptos-basicos/que-son-los-filtros-nd-cuando-y-como-usarlos/","820","12","1.46%","4.449999146341464"
"https://estudiodefotografia.info/composicion/pie-de-foto-ejemplos/","771","16","2.08%","4.805441374837872"
"https://estudiodefotografia.info/conceptos-basicos/que-tan-grande-es-una-foto-de-4-x-6-tamano-real-en-pixeles-pulgadas-cm-y-mm/","770","22","2.86%","3.650651168831169"
"https://estudiodefotografia.info/conceptos-basicos/que-es-imgbb-y-como-usarlo-para-alojamiento-de-imagenes-gratuito/","607","5","0.8200000000000001%","8.967055024711696"
"https://estudiodefotografia.info/conceptos-basicos/que-es-el-obturador/","600","2","0.33%","5.608330833333333"
"https://estudiodefotografia.info/conceptos-basicos/shutter-significado/","523","3","0.5700000000000001%","4.707449330783939"
"https://estudiodefotografia.info/inspiracion/que-es-un-ensayo-fotografico-17-ejemplos-e-ideas/","498","31","6.22%","3.8032134538152618"
"https://estudiodefotografia.info/post-produccion/que-es-adobe-camera-raw-y-como-empezar/","448","7","1.56%","3.962054017857143"
"https://estudiodefotografia.info/edicion-digital/digitalizar-imagenes/","364","9","2.47%","5.167591758241758"
"https://estudiodefotografia.info/retrato/las-25-mejores-poses-masculinas-guia-para-fotografiar-hombres/","324","8","2.47%","4.660489197530864"
"https://estudiodefotografia.info/conceptos-basicos/comprender-la-resolucion-de-la-camara-y-los-megapixeles-guia-facil/","244","4","1.6400000000000001%","5.5696954918032775"
"https://estudiodefotografia.info/conceptos-basicos/que-es-el-paneo-como-usarlo-para-fotografiar-movimiento/","227","4","1.76%","4.726852422907489"
"https://estudiodefotografia.info/software/adobe-rueda-de-color/","214","1","0.47000000000000003%","6.219621495327103"
"https://estudiodefotografia.info/conceptos-basicos/que-es-una-lente-gran-angular-y-cuando-usar-una/","200","2","1%","3.4100025"
"https://estudiodefotografia.info/ilustraciones/poses-dibujo-mujer/","125","0","0%","4.2799912"
"https://estudiodefotografia.info/post-produccion/que-es-un-archivo-cr3-y-como-abrir-uno/","114","4","3.5100000000000002%","2.833321929824561"
"https://estudiodefotografia.info/documentos-de-identidad/que-es-una-ortofoto/","88","1","1.1400000000000001%","7.920456818181819"
"https://estudiodefotografia.info/humor/foto-perfil-graciosa/","86","0","0%","5.046503488372093"
"https://estudiodefotografia.info/conceptos-basicos/que-es-un-archivo-arw-y-como-abrir-uno/","80","3","3.75%","3.17499125"
"https://estudiodefotografia.info/consejos/los-12-lugares-mas-iconicos-del-mundo-para-fotografiar/","75","0","0%","6.106658666666666"
"https://estudiodefotografia.info/localizaciones/las-mejores-configuraciones-de-fotografia-nocturna-para-usar/","72","0","0%","9.36111111111111"
"https://estudiodefotografia.info/post-produccion/como-configurar-y-vaciar-discos-temporales-en-adobe-photoshop/","65","0","0%","7.307690769230769"
"https://estudiodefotografia.info/software/capture-one-gratis/","64","7","10.94%","4.203140625"
"https://estudiodefotografia.info/tutoriales-de-fotografia/comprension-de-iso-velocidad-de-obturacion-y-apertura-una-guia-para-principiantes/","63","4","6.3500000000000005%","4.539693650793651"
"https://estudiodefotografia.info/conceptos-basicos/formato-16-9-pixeles/","62","0","0%","7.370975806451613"
"https://estudiodefotografia.info/artesania/que-es-daguerrotipo/","60","1","1.67%","6.933345"
"https://estudiodefotografia.info/conceptos-basicos/guia-para-principiantes-de-lentes-de-camara-partes-funciones-y-tipos/","58","5","8.620000000000001%","4.500012068965517"
"https://estudiodefotografia.info/tecnologia/instalar-photoshop/","56","1","1.79%","5.392835714285715"
"https://estudiodefotografia.info/moda/hombres-sin-camiseta/","51","0","0%","9.39213725490196"
"https://estudiodefotografia.info/accesorios-de-fotografia/registrar-dron-dji/","48","2","4.17%","4.979177083333333"
"https://estudiodefotografia.info/conceptos-basicos/cuestionario-fotografico-ponga-a-prueba-sus-conocimientos-fotograficos/","43","0","0%","6.395300000000001"
"https://estudiodefotografia.info/fotografia-de-hombres/hombres-gay-musculoso/","42","1","2.38%","6.738104761904762"
"https://estudiodefotografia.info/paisaje-naturaleza/paisajes-con-lineas/","42","1","2.38%","7.166671428571429"
"https://estudiodefotografia.info/conceptos-basicos/como-tomar-buenas-fotografias-10-pasos-infalibles/","40","3","7.5%","6.024992500000001"
"https://estudiodefotografia.info/inspiracion/los-25-fotografos-deportivos-mas-influyentes-a-seguir/","39","2","5.13%","3.1025846153846155"
"https://estudiodefotografia.info/ilustraciones/como-dibujar-un-sol/","39","0","0%","8.461523076923076"
"https://estudiodefotografia.info/colores/circulo-monocromatico/","39","0","0%","6.538507692307692"
"https://estudiodefotografia.info/software/adobe-express-gratis/","38","0","0%","9.1579"
"https://estudiodefotografia.info/consejos/como-suavizar-la-piel-en-photoshop-guia-paso-a-paso/","37","0","0%","4.351337837837838"
"https://estudiodefotografia.info/conceptos-basicos/8-pasos-para-escribir-pies-de-foto-perfectos/","35","0","0%","6.228548571428572"
"https://estudiodefotografia.info/post-produccion/como-fusionar-capas-en-photoshop-explicacion-de-los-modos-de-fusion/","35","0","0%","5.999985714285715"
"https://estudiodefotografia.info/composicion/los-10-elementos-de-la-composicion-en-fotografia/","33","2","6.0600000000000005%","7.454551515151515"
"https://estudiodefotografia.info/retrato/31-poses-divertidas-e-ideas-para-una-sesion-de-fotos-de-mejores-amigos/","32","0","0%","5.499981249999999"
"https://estudiodefotografia.info/post-produccion/como-rotar-una-imagen-en-photoshop-paso-a-paso/","32","0","0%","6.12499375"
"https://estudiodefotografia.info/proyectos-de-fotografia-creativa/que-es-un-gobo-y-como-usar-la-iluminacion-de-fotografia-gobo/","32","0","0%","8.875"
"https://estudiodefotografia.info/post-produccion/como-eliminar-completamente-el-software-adobe-creative-cloud/","31","0","0%","8.129006451612902"
"https://estudiodefotografia.info/retrato/los-10-tipos-diferentes-de-fotografia-de-retrato-que-debes-conocer/","29","0","0%","5.586227586206897"
"https://estudiodefotografia.info/paisaje-naturaleza/que-es-la-iluminacion-lateral-en-fotografia-y-como-usarla/","28","0","0%","2.2500142857142857"
"https://estudiodefotografia.info/conceptos-basicos/que-es-la-exposicion/","27","2","7.41%","3.9259407407407414"
"https://estudiodefotografia.info/conceptos-basicos/que-es-el-valor-de-exposicion-y-como-usar-ev-en-fotografia/","27","4","14.81%","2.2222222222222223"
"https://estudiodefotografia.info/consejos/como-crear-una-mascara-de-recorte-en-photoshop-paso-a-paso/","27","0","0%","6.259266666666667"
"https://estudiodefotografia.info/tecnicas-de-fotografia/calotipo-fotografia/","26","0","0%","9.1154"
"https://estudiodefotografia.info/post-produccion/como-usar-la-herramienta-de-desenfoque-en-photoshop-paso-a-paso/","26","0","0%","3.346123076923077"
"https://estudiodefotografia.info/fotografia/fotos-contrapicado/","25","0","0%","6.84"
"https://estudiodefotografia.info/arte/espiral-de-fibonachi/","23","0","0%","4.260873913043478"
"https://estudiodefotografia.info/iluminacion/iluminacion-frontal/","23","0","0%","4.521726086956522"
"https://estudiodefotografia.info/redes-sociales/ideas-foto-instagram/","22","0","0%","5.909081818181818"
"https://estudiodefotografia.info/paisaje-naturaleza/atardecer-o-anochecer/","22","0","0%","8.772718181818181"
"https://estudiodefotografia.info/post-produccion/una-guia-para-principiantes-para-editar-fotos-en-gimp/","22","1","4.55%","15.863636363636363"
"https://estudiodefotografia.info/inspiracion/las-23-mejores-peliculas-de-fotografia-todo-fotografo-debe-verlas/","21","6","28.57%","4.190476190476191"
"https://estudiodefotografia.info/post-produccion/como-usar-la-herramienta-pluma-en-photoshop-paso-a-paso/","21","0","0%","7.619"
"https://estudiodefotografia.info/arte/camara-oscura-casera/","20","0","0%","5"
"https://estudiodefotografia.info/inspiracion/10-efectos-fotograficos-geniales-que-debes-aprender/","20","0","0%","3.55"
"https://estudiodefotografia.info/fotografia/cenital-fotografia/","20","0","0%","5.20002"
"https://estudiodefotografia.info/post-produccion/como-usar-filtros-neurales-en-photoshop-paso-a-paso/","20","2","10%","4.55"
"https://estudiodefotografia.info/post-produccion/las-45-mejores-acciones-gratuitas-de-photoshop-para-fotografia-creativa/","19","2","10.53%","5.894694736842105"
"https://estudiodefotografia.info/conceptos-basicos/regla-de-la-mirada/","19","2","10.53%","5.4737"
"https://estudiodefotografia.info/tutoriales-de-fotografia/como-usar-lightroom-un-tutorial-completo-para-principiantes/","18","0","0%","3.9999833333333337"
"https://estudiodefotografia.info/proyectos-de-fotografia-creativa/como-crear-efectos-de-iluminacion-geniales-en-photoshop/","18","0","0%","5.166677777777778"
"https://estudiodefotografia.info/equipo/10-tecnicas-para-tomar-fotografias-profesionales-de-automoviles/","18","0","0%","4.777788888888889"
"https://estudiodefotografia.info/consejos/abreviaturas-de-lentes-nikon-y-lo-que-significan-una-guia-facil/","17","3","17.650000000000002%","4.235294117647059"
"https://estudiodefotografia.info/paisaje-naturaleza/que-es-un-filtro-cpl-como-cuando-y-por-que-usar-uno/","17","1","5.88%","2.0588470588235293"
"https://estudiodefotografia.info/marketing-negocios/los-12-mejores-sitios-de-alojamiento-de-imagenes-gratuitos-para-probar/","16","0","0%","6.5625"
"https://estudiodefotografia.info/busqueda-por-imagenes/como-guardar-imagenes/","16","0","0%","7.7500374999999995"
"https://estudiodefotografia.info/consejos/como-hacer-una-sombra-en-photoshop/","16","0","0%","7.25"
"https://estudiodefotografia.info/fotografia-de-composicion/posiciones-de-camara/","16","0","0%","3.4374937500000002"
"https://estudiodefotografia.info/camaras/camara-de-tomar-fotos/","16","0","0%","7.31254375"
"https://estudiodefotografia.info/iluminacion/luz-dura-y-luz-suave/","15","0","0%","7.7333"
"https://estudiodefotografia.info/tutoriales-de-fotografia/como-pintar-en-word/","15","0","0%","2.9333"
"https://estudiodefotografia.info/compras/cupon-saal-digital/","15","0","0%","4.066666666666666"
"https://estudiodefotografia.info/inspiracion/12-increibles-juegos-de-fotografia-para-jugar/","15","3","20%","3.8"
"https://estudiodefotografia.info/retrato/46-fotografos-de-retratos-famosos-que-deberias-conocer/","15","4","26.67%","3.4000399999999997"
"https://estudiodefotografia.info/edicion-digital/como-recortar-en-gimp/","14","0","0%","6.357171428571428"
"https://estudiodefotografia.info/post-produccion/como-agregar-textura-en-photoshop/","14","0","0%","6.5714"
"https://estudiodefotografia.info/post-produccion/una-guia-para-la-conversion-en-blanco-y-negro-con-photoshop/","14","0","0%","5.857157142857142"
"https://estudiodefotografia.info/localizaciones/los-20-fotografos-callejeros-mas-famosos-que-deberias-conocer/","14","4","28.57%","2.2143"
"https://estudiodefotografia.info/fotografia-de-celulares/aplicacion-para-tomar/","14","0","0%","8.928571428571429"
"https://estudiodefotografia.info/conceptos-basicos/tamano-a3-en-pixeles/","13","0","0%","7.9231"
"https://estudiodefotografia.info/post-produccion/como-utilizar-la-herramienta-pincel-corrector-puntual-en-photoshop-paso-a-paso/","13","0","0%","5.4615"
"https://estudiodefotografia.info/post-produccion/como-usar-la-herramienta-tampon-de-clonar-en-photoshop/","13","1","7.69%","6.9999692307692305"
"https://estudiodefotografia.info/conceptos-basicos/como-usar-el-primer-plano-el-medio-y-el-fondo-en-la-fotografia/","13","1","7.69%","7.153838461538461"
"https://estudiodefotografia.info/inspiracion/los-22-mejores-fotografos-de-bellas-artes-que-debes-conocer/","13","3","23.080000000000002%","5.384615384615385"
"https://estudiodefotografia.info/consejos/que-es-un-archivo-dcr-y-como-abrir-y-convertir-uno/","13","0","0%","6.230776923076923"
"https://estudiodefotografia.info/retrato/imagen-de-la-madre/","12","0","0%","9.5"
"https://estudiodefotografia.info/arte/imagenes-para-dibujae/","12","0","0%","3.75"
"https://estudiodefotografia.info/post-produccion/como-usar-curvas-en-photoshop/","12","0","0%","4.8333"
"https://estudiodefotografia.info/conceptos-basicos/que-es-un-knolling/","12","0","0%","7.5"
"https://estudiodefotografia.info/arte/dibujo-leopardo-facil/","12","0","0%","6"
"https://estudiodefotografia.info/consejos/12-herramientas-de-seleccion-de-photoshop-que-debes-conocer/","12","1","8.33%","3.8333"
"https://estudiodefotografia.info/iluminacion/que-es-la-iluminacion/","12","0","0%","5.1667"
"https://estudiodefotografia.info/post-produccion/ruido-de-la-imagen/","12","0","0%","5.7499666666666664"
"https://estudiodefotografia.info/consejos/que-es-la-aberracion-cromatica-y-como-corregirla/","12","0","0%","7.1667"
"https://estudiodefotografia.info/equipo/revision-de-pixieset-entregue-fotos-de-clientes-de-manera-oportuna-y-profesional/","12","0","0%","5.25"
"https://estudiodefotografia.info/tutoriales-de-fotografia/como-organizar-correctamente-tus-fotos/","12","0","0%","9.1667"
"https://estudiodefotografia.info/tutoriales-de-fotografia/50-terminos-de-fotografia-que-debes-saber/","11","0","0%","6"
"https://estudiodefotografia.info/tutoriales-de-fotografia/ajustes-recomendados-de-la-eos-r5-de-canon/","11","0","0%","6.7273"
"https://estudiodefotografia.info/inspiracion/12-ideas-divertidas-y-creativas-de-fotografia-de-pascua-para-probar/","11","0","0%","5.181827272727272"
"https://estudiodefotografia.info/composicion/como-usar-la-proporcion-aurea-en-la-composicion-fotografica/","11","0","0%","7.5455000000000005"
"https://estudiodefotografia.info/conceptos-basicos/que-es-el-hongo-de-la-lente-de-la-camara-y-como-deshacerse-de-el/","11","0","0%","2.8182"
"https://estudiodefotografia.info/composicion/composicion-abierta-y-cerrada/","11","0","0%","3.3636"
"https://estudiodefotografia.info/conceptos-basicos/subexposicion-frente-a-sobreexposicion-todo-lo-que-necesita-saber/","11","0","0%","6.5455000000000005"
"https://estudiodefotografia.info/conceptos-basicos/12-tecnicas-para-fotografiar-con-poca-luz-explicadas-de-forma-sencilla/","11","0","0%","4"
"https://estudiodefotografia.info/conceptos-basicos/la-ley-de-la-mirada/","11","0","0%","7.7273"
"https://estudiodefotografia.info/inspiracion/como-hacer-un-collage-digital-en-photoshop-en-pasos-simples/","10","0","0%","6.9"
"https://estudiodefotografia.info/ilustraciones/poses-anime-hombre/","9","0","0%","6"
"https://estudiodefotografia.info/paisaje-naturaleza/poses-para-la-playa/","9","0","0%","6.8889"
"https://estudiodefotografia.info/post-produccion/como-usar-la-herramienta-varita-magica-en-photoshop/","9","0","0%","7.444444444444445"
"https://estudiodefotografia.info/consejos/explicacion-del-boton-af-on/","9","3","33.33%","1.9999666666666667"
"https://estudiodefotografia.info/conceptos-basicos/5x7-pulgadas-en-cm/","9","1","11.11%","4.1110999999999995"
"https://estudiodefotografia.info/paisaje-naturaleza/los-27-fotografos-de-paisajes-mas-influyentes-a-seguir/","9","1","11.11%","2.4444666666666666"
"https://estudiodefotografia.info/conceptos-basicos/que-es-el-enfoque-selectivo-y-como-usarlo-para-fotos-geniales/","9","4","44.44%","1.2222"
"https://estudiodefotografia.info/consejos/como-utilizar-d-lighting-activo-de-nikon/","8","4","50%","3"
"https://estudiodefotografia.info/inspiracion/los-15-fotografos-de-guerra-mas-importantes-que-debes-conocer/","8","0","0%","4.25"
"https://estudiodefotografia.info/composicion/9-impresionantes-ideas-de-fotografia-de-espejo-para-que-pruebes-tu-mismo/","8","0","0%","7.125"
"https://estudiodefotografia.info/inspiracion/13-temas-geniales-de-fotografia-para-inspirar-tu-trabajo/","8","0","0%","6.7499875"
"https://estudiodefotografia.info/tutoriales-de-fotografia/configuracion-recomendada-de-sony-a6400/","8","2","25%","2.250025"
"https://estudiodefotografia.info/equipo/las-12-mejores-camaras-para-fotografia-de-conciertos/","8","4","50%","2"
"https://estudiodefotografia.info/equipo/topaz-gigapixel-ai-review-es-mejor-que-photoshop/","7","0","0%","7"
"https://estudiodefotografia.info/composicion/25-asombrosos-ejemplos-de-colores-complementarios-en-fotografia/","7","1","14.290000000000001%","6.5714"
"https://estudiodefotografia.info/equipo/como-usar-la-herramienta-de-seleccion-de-objetos-en-photoshop-facil-paso-a-paso/","7","0","0%","7.428571428571429"
"https://estudiodefotografia.info/ilustraciones/pirata-dibujo-facil/","7","0","0%","6.714285714285714"
"https://estudiodefotografia.info/fotografia/formato-fotografico/","7","1","14.290000000000001%","6.7143"
"https://estudiodefotografia.info/post-produccion/que-son-los-canales-de-photoshop-y-como-empezar-a-usarlos/","7","1","14.290000000000001%","2.2857"
"https://estudiodefotografia.info/post-produccion/la-mejor-configuracion-de-exportacion-de-lightroom-para-impresion-instagram-y-mas/","7","1","14.290000000000001%","2.2857"
"https://estudiodefotografia.info/conceptos-basicos/apaisada-significado/","6","1","16.67%","2"
"https://estudiodefotografia.info/proyectos-de-fotografia-creativa/como-usar-editar-y-compartir-fotos-en-vivo-en-tu-iphone/","6","1","16.67%","3.6667"
"https://estudiodefotografia.info/tecnicas-de-fotografia/como-escanear-fotos/","6","2","33.33%","7"
"https://estudiodefotografia.info/consejos/cual-es-la-mejor-resolucion-de-imagen-para-imprimir-editar-o-exportar/","6","0","0%","6.5"
"https://estudiodefotografia.info/composicion/plano-semisubjetivo/","6","3","50%","2.3333"
"https://estudiodefotografia.info/inspiracion/35-impresionantes-ejemplos-de-fotografia-de-larga-exposicion/","6","0","0%","3.5"
"https://estudiodefotografia.info/post-produccion/filtro-sepia-como-agregar-un-tono-sepia-en-photoshop/","6","0","0%","3.1667"
"https://estudiodefotografia.info/localizaciones/fotografias-near-me/","6","0","0%","6.5"
"https://estudiodefotografia.info/retrato/cual-es-la-mejor-lente-para-retratos-las-30-mejores-selecciones/","6","4","66.67%","3"
"https://estudiodefotografia.info/post-produccion/como-rotar-voltear-y-enderezar-una-foto-en-adobe-lightroom/","6","0","0%","7.333333333333333"
"https://estudiodefotografia.info/equipo/como-limpiar-la-lente-de-una-camara-7-mejores-tecnicas/","6","0","0%","5.5"
"https://estudiodefotografia.info/post-produccion/como-usar-copias-virtuales-en-lightroom/","6","0","0%","1.3333333333333333"
"https://estudiodefotografia.info/conceptos-basicos/que-significa-dslr/","5","1","20%","5.4"
"https://estudiodefotografia.info/post-produccion/4-secretos-para-editar-hermosas-fotografias-del-cielo-en-lightroom/","5","0","0%","5.6"
"https://estudiodefotografia.info/familia/fotos-bebe-2-meses/","5","0","0%","5.8"
"https://estudiodefotografia.info/tutoriales-de-fotografia/comprender-la-apertura-en-la-fotografia/","5","0","0%","5.6"
"https://estudiodefotografia.info/compras/revela-fotos-gratis/","5","0","0%","6.2"
"https://estudiodefotografia.info/paisaje-naturaleza/fotos-del-sol-reales/","5","0","0%","7"
"https://estudiodefotografia.info/tecnicas-de-fotografia/21-tipos-de-fotografia-que-debes-conocer/","5","1","20%","8.8"
"https://estudiodefotografia.info/retrato/las-16-mejores-ideas-para-selfies-para-que-tus-fotos-de-perfil-se-destaquen/","5","1","20%","4.2"
"https://estudiodefotografia.info/arte/como-se-dibuja-mario/","5","0","0%","6.6"
"https://estudiodefotografia.info/proyectos-de-fotografia-creativa/el-proyecto-de-fotografia-creativa-de-30-dias-30-ideas-de-fotografia-con-truco/","5","0","0%","6"
"https://estudiodefotografia.info/tutoriales-de-fotografia/ajustes-de-camara-recomendados-para-fotografia-de-retrato/","5","0","0%","6"
"https://estudiodefotografia.info/tutoriales-de-fotografia/guia-completa-de-fotografia-en-blanco-y-negro/","5","1","20%","5.4"
"https://estudiodefotografia.info/consejos/10-fotografos-contemporaneos-de-bodegones-que-debes-ver/","5","1","20%","5.2"
"https://estudiodefotografia.info/conceptos-basicos/como-actualizar-el-firmware-de-nikon/","5","0","0%","9.4"
"https://estudiodefotografia.info/fotografia/barrido-en-fotografia/","5","0","0%","7.8"
"https://estudiodefotografia.info/fotografia-de-mujeres/foto-real-de-mujeres/","5","0","0%","7.8"
"https://estudiodefotografia.info/inspiracion/12-fotoperiodistas-famosos-que-deberias-conocer/","5","0","0%","6.2"
"https://estudiodefotografia.info/software/subir-fotos-online/","5","0","0%","5.2"
"https://estudiodefotografia.info/fotografia/panasonic-lumix-fz82/","5","2","40%","5.6"
"https://estudiodefotografia.info/tutoriales-de-fotografia/las-mejores-configuraciones-de-camara-para-fotografia-de-aves-2/","4","0","0%","20.75"
"https://estudiodefotografia.info/conceptos-basicos/10-consejos-para-una-mejor-fotografia-de-interiores-desde-la-iluminacion-hasta-la-configuracion/","4","0","0%","5"
"https://estudiodefotografia.info/arte/pintura-de-cara-facil/","4","0","0%","8.75"
"https://estudiodefotografia.info/terminos-relacionados/ejemplos-narrativa/","4","0","0%","25.25"
"https://estudiodefotografia.info/proyectos-de-fotografia-creativa/como-crear-una-fotografia-de-gota-de-agua-fresca/","4","0","0%","5"
"https://estudiodefotografia.info/equipo/que-es-el-boton-ae-l-y-af-l-en-una-nikon-dslr/","4","2","50%","3.75"
"https://estudiodefotografia.info/fotografia-de-hombres/tios-buenorros-fotos/","4","0","0%","3.25"
"https://estudiodefotografia.info/inspiracion/21-fotografos-ambientales-mas-influyentes-a-seguir/","4","0","0%","3.25"
"https://estudiodefotografia.info/documentos-de-identidad/foto-dni-dimensiones/","4","0","0%","9"
"https://estudiodefotografia.info/tutoriales-de-fotografia/ajustes-recomendados-de-nikon-z7-ii/","4","0","0%","22.249975"
"https://estudiodefotografia.info/fotografia/camara-de-television/","4","0","0%","7"
"https://estudiodefotografia.info/conceptos-basicos/definicion-de-imagen/","4","0","0%","9"
"https://estudiodefotografia.info/equipo/compatibilidad-de-lentes-adaptadoras-nikon-ftz-y-ftz-ii-explicacion/","4","0","0%","4.75"
"https://estudiodefotografia.info/equipo/que-son-los-megapixeles-y-cuantos-necesitas/","4","0","0%","9"
"https://estudiodefotografia.info/post-produccion/como-abrir-imagenes-sin-procesar-en-gimp-rawtherapee-y-darktable/","4","2","50%","1.25"
"https://estudiodefotografia.info/tecnicas-de-fotografia/circulo-de-confusion/","4","2","50%","8.5"
"https://estudiodefotografia.info/conceptos-basicos/10-increibles-aplicaciones-de-camara-con-ia-que-deberias-probar-tu-mismo/","4","1","25%","4.5"
"https://estudiodefotografia.info/fotografia-de-manos/foto-de-puno-cerrado/","4","0","0%","1.25"
"https://estudiodefotografia.info/equipo/opciones-raw-comprimidas-sin-comprimir-y-comprimidas-sin-perdidas/","4","3","75%","2.749975"
"https://estudiodefotografia.info/retrato/la-guia-del-fotografo-para-las-poses-de-las-manos/","4","0","0%","3.5"
"https://estudiodefotografia.info/eventos/documentales-navidad/","4","0","0%","4.5"
"https://estudiodefotografia.info/equipo/que-es-un-teleobjetivo-por-que-y-cuando-necesita-uno/","3","0","0%","7.6667"
"https://estudiodefotografia.info/equipo/que-es-el-modo-bulbo-en-fotografia/","3","0","0%","6"
"https://estudiodefotografia.info/consejos/que-es-el-valor-en-la-fotografia-y-como-usarlo/","3","1","33.33%","4"
"https://estudiodefotografia.info/resenas/nikon-d7200/","3","0","0%","6.3333"
"https://estudiodefotografia.info/arte/imagenes-siniestras/","3","0","0%","9.3333"
"https://estudiodefotografia.info/inspiracion/los-20-mejores-fotografos-jovenes-que-debes-conocer/","3","0","0%","5.3333"
"https://estudiodefotografia.info/opiniones/gopro-10-opiniones/","3","2","66.67%","1"
"https://estudiodefotografia.info/equipo/revision-de-panasonic-lumix-gh5/","3","2","66.67%","4.666666666666667"
"https://estudiodefotografia.info/tecnologia/duplicar-app-iphone/","3","0","0%","7.6667"
"https://estudiodefotografia.info/inspiracion/21-nuevas-ideas-para-sesiones-de-fotos-que-no-son-aburridas/","3","0","0%","5.6667"
"https://estudiodefotografia.info/localizaciones/planos-casa-simpson/","3","0","0%","6.6667"
"https://estudiodefotografia.info/tutoriales-de-fotografia/darktable-tutorial/","3","0","0%","7"
"https://estudiodefotografia.info/arte/imagenes-subrealistas/","3","2","66.67%","1"
"https://estudiodefotografia.info/equipo/todas-las-camaras-nikon-z-a-partir-de-2021-comparadas/","3","0","0%","9.6667"
"https://estudiodefotografia.info/fotografia-de-personas/foto-reales-de-chicas/","3","0","0%","4.666666666666667"
"https://estudiodefotografia.info/conceptos-basicos/13-consejos-para-una-fotografia-de-flores-perfecta/","3","0","0%","8"
"https://estudiodefotografia.info/conceptos-basicos/como-congelar-el-movimiento-en-la-fotografia-trucos-en-la-camara/","3","0","0%","7"
"https://estudiodefotografia.info/inspiracion/60-tipos-de-fotografia-que-necesitas-saber/","3","0","0%","8"
"https://estudiodefotografia.info/conceptos-basicos/una-guia-para-principiantes-sobre-la-configuracion-basica-de-la-camara/","3","0","0%","8.3333"
"https://estudiodefotografia.info/fotografia/primera-camara-kodak/","3","0","0%","8"
"https://estudiodefotografia.info/resenas/nikon-50mm-f-1-2-ai-s/","3","1","33.33%","5"
"https://estudiodefotografia.info/post-produccion/curso-de-camera-raw/","3","2","66.67%","6.3333"
"https://estudiodefotografia.info/conceptos-basicos/explicacion-de-los-modos-de-medicion-de-la-camara-como-y-cuando-usarlos/","3","0","0%","3.6667"
"https://estudiodefotografia.info/paisaje-naturaleza/paisaje-con-cataratas/","3","0","0%","5.6667"
"https://estudiodefotografia.info/arte/nariz-dibujo-realista/","3","2","66.67%","9"
"https://estudiodefotografia.info/consejos/8-grandes-consejos-para-usar-sombras-en-la-fotografia/","3","0","0%","5.3333"
"https://estudiodefotografia.info/conceptos-basicos/que-es-el-visor-de-la-camara-y-como-funciona/","3","1","33.33%","5.3333"
"https://estudiodefotografia.info/fondos-de-pantalla/tamano-portada-reels/","3","0","0%","8.3333"
"https://estudiodefotografia.info/conceptos-basicos/que-significa-nitido/","3","0","0%","4.3333"
"https://estudiodefotografia.info/ilustraciones/dibujo-con-plumilla/","3","0","0%","9.3333"
"https://estudiodefotografia.info/retrato/21-fotografos-de-moda-famosos-que-deberias-conocer/","3","0","0%","3.6667"
"https://estudiodefotografia.info/tecnicas-de-fotografia/velocidad-ejemplos/","3","0","0%","5.3333"
"https://estudiodefotografia.info/equipo/nikon-z-vs-nikon-f-cual-es-la-diferencia/","3","0","0%","7.3333"
"https://estudiodefotografia.info/retrato/fotos-bebe-8-meses/","3","0","0%","2.6667"
"https://estudiodefotografia.info/documentos-de-identidad/fotos-carnet-alicante/","3","0","0%","6.3333"
"https://estudiodefotografia.info/conceptos-basicos/por-que-los-fotografos-utilizan-fondos-verdes/","3","1","33.33%","2.3333333333333335"
"https://estudiodefotografia.info/retrato/imagen-mujer-arabe/","3","1","33.33%","4"
"https://estudiodefotografia.info/consejos/cuantas-fotos-puede-contener-una-tarjeta-de-memoria-de-32-64-128-256-gb/","3","0","0%","7.6667"
"https://estudiodefotografia.info/conceptos-basicos/tamano-dni-espanol/","3","0","0%","9.3333"
"https://estudiodefotografia.info/post-produccion/revision-de-rawtherapee-la-mejor-alternativa-gratuita-de-photoshop-o-lightroom/","3","0","0%","7.333333333333333"
"https://estudiodefotografia.info/consejos/explicacion-de-la-calibracion-del-color-de-la-camara/","3","1","33.33%","1.6666999999999998"
"https://estudiodefotografia.info/ilustraciones/camara-dibujo-facil/","3","0","0%","3.6667"
"https://estudiodefotografia.info/equipo/revision-de-sony-a6500-todavia-vale-la-pena-comprarla-en-2022/","3","0","0%","7"
"https://estudiodefotografia.info/post-produccion/como-recortar-y-enderezar-facilmente-fotos-en-lightroom/","2","0","0%","3.5"
"https://estudiodefotografia.info/conceptos-basicos/25-errores-que-cometen-todos-los-fotografos-y-que-no-quieren-admitir/","2","2","100%","3.5"
"https://estudiodefotografia.info/equipo/todas-las-camaras-nikon-actuales-a-partir-de-2022-comparadas/","2","1","50%","3.5"
"https://estudiodefotografia.info/retrato/20-fotografos-de-retratos-contemporaneos-prometedores-que-deberias-seguir/","2","0","0%","10"
"https://estudiodefotografia.info/post-produccion/como-usar-el-desenfoque-gaussiano-en-photoshop-guia-paso-a-paso/","2","0","0%","5.5"
"https://estudiodefotografia.info/fotografia-de-bebes/ideas-cumple-mes-bebe/","2","0","0%","9"
"https://estudiodefotografia.info/consejos/8-consejos-para-proteger-las-fotografias-impresas/","2","2","100%","1.5"
"https://estudiodefotografia.info/fotografia/camara-en-movimiento/","2","0","0%","5"
"https://estudiodefotografia.info/tecnologia/ajuste-del-telefono/","2","0","0%","7.5"
"https://estudiodefotografia.info/retrato/la-selfie-perfecta-como-tomar-excelentes-fotos-de-perfil-para-las-redes-sociales/","2","0","0%","5"
"https://estudiodefotografia.info/inspiracion/la-guia-completa-de-fotografia-de-larga-exposicion/","2","0","0%","10"
"https://estudiodefotografia.info/terminos-relacionados/rueda-monocromatica/","2","0","0%","6"
"https://estudiodefotografia.info/retrato/17-hermosas-poses-de-boda-para-la-novia-y-el-novio/","2","0","0%","6"
"https://estudiodefotografia.info/equipo/nikon-f-vs-canon-ef-cual-es-la-diferencia/","2","0","0%","5"
"https://estudiodefotografia.info/equipo/obturador-mecanico-vs-electronico-vs-efcs/","2","0","0%","6"
"https://estudiodefotografia.info/resenas/nikon-18-55-mm-f-3-5-5-6g-dx-vr-af-p/","2","0","0%","8"
"https://estudiodefotografia.info/tecnicas-de-fotografia/seis-consejos-para-mejores-fotografias-de-plantas/","2","2","100%","6.5"
"https://estudiodefotografia.info/inspiracion/frases-sobre-fotos/","2","0","0%","8.5"
"https://estudiodefotografia.info/accesorios-de-fotografia/carretes-analogicos/","2","0","0%","6"
"https://estudiodefotografia.info/conceptos-basicos/relacion-de-aspecto/","2","0","0%","9.5"
"https://estudiodefotografia.info/composicion/como-tomar-fotografias-monocromaticas-en-color/","2","0","0%","7"
"https://estudiodefotografia.info/conceptos-basicos/como-iniciar-un-club-de-fotografia/","2","0","0%","9"
"https://estudiodefotografia.info/proyectos-de-fotografia-creativa/como-convertir-fotos-en-pinturas-con-photoshop/","2","1","50%","5"
"https://estudiodefotografia.info/equipo/revision-de-fujifilm-instax-mini-8/","2","0","0%","7"
"https://estudiodefotografia.info/post-produccion/como-utilizar-las-curvas-en-lightroom-el-tutorial-completo/","2","1","50%","2"
"https://estudiodefotografia.info/impresion/imprimir-foto-10x15/","2","0","0%","6.5"
"https://estudiodefotografia.info/tutoriales-de-fotografia/que-es-la-difraccion-de-la-lente-2/","2","0","0%","2"
"https://estudiodefotografia.info/consejos/como-utilizar-la-aplicacion-canon-camera-connect-para-mejorar-su-negocio-de-fotografia/","2","0","0%","10"
"https://estudiodefotografia.info/conceptos-basicos/que-son-los-metadatos-de-fotos-y-porque-es-importante/","2","0","0%","9"
"https://estudiodefotografia.info/paisaje-naturaleza/que-es-un-teleconvertidor-como-usar-uno-a-su-favor/","2","0","0%","3"
"https://estudiodefotografia.info/equipo/6-luces-continuas-comparadas-cual-comprar/","2","0","0%","6"
"https://estudiodefotografia.info/composicion/triangulo-fotografia/","2","0","0%","6"
"https://estudiodefotografia.info/conceptos-basicos/que-es-la-medicion-puntual-y-como-usarlo-para-mejores-fotos/","2","0","0%","7.5"
"https://estudiodefotografia.info/inspiracion/16-ejemplos-de-fotografia-de-miedo-y-terror-para-halloween/","2","0","0%","7"
"https://estudiodefotografia.info/conceptos-basicos/15-atajos-de-teclado-de-lightroom-para-acelerar-seriamente-su-flujo-de-trabajo/","2","0","0%","7"
"https://estudiodefotografia.info/inspiracion/17-fotografos-submarinos-influyentes-a-seguir/","2","0","0%","3.5"
"https://estudiodefotografia.info/compras/buscar-ropa-por-foto/","2","0","0%","10"
"https://estudiodefotografia.info/resenas/canon-eos-80d/","2","2","100%","4"
"https://estudiodefotografia.info/arte/imagenes-emocionales/","2","0","0%","8"
"https://estudiodefotografia.info/retrato/8-consejos-para-la-sesion-de-fotos-mas-dulce-de-mama-y-yo/","2","0","0%","8"
"https://estudiodefotografia.info/inspiracion/30-fotografos-nocturnos-influyentes-a-seguir/","2","0","0%","1"
"https://estudiodefotografia.info/fotografia/chema-madoz-fotografo/","2","0","0%","9"
"https://estudiodefotografia.info/inspiracion/15-fotografos-de-comida-famosos-para-inspirarte/","2","2","100%","2"
"https://estudiodefotografia.info/terminos-relacionados/megapixel-significado/","2","0","0%","7.5"
"https://estudiodefotografia.info/tecnologia/analisis-iphone-14/","2","0","0%","6"
"https://estudiodefotografia.info/composicion/las-11-mejores-tecnicas-para-la-fotografia-de-frutas-y-verduras/","2","0","0%","4.5"
"https://estudiodefotografia.info/post-produccion/explicacion-de-los-modulos-de-lightroom/","2","0","0%","3"
"https://estudiodefotografia.info/consejos/31-fotografos-de-arquitectura-mas-influyentes-a-seguir/","2","0","0%","4"
"https://estudiodefotografia.info/post-produccion/como-trabajar-con-objetos-inteligentes-en-photoshop/","2","0","0%","10"
"https://estudiodefotografia.info/arte/enmarcar-significado/","2","2","100%","5"
"https://estudiodefotografia.info/post-produccion/12-errores-de-photoshop-que-debes-evitar/","2","0","0%","6.5"
"https://estudiodefotografia.info/composicion/lineas-convergentes/","2","1","50%","1.5"
"https://estudiodefotografia.info/composicion/las-mejores-memorias-fotograficas/","2","2","100%","3.5"
"https://estudiodefotografia.info/consejos/como-recortar-una-imagen-en-gimp-facil-paso-a-paso/","2","0","0%","8"
"https://estudiodefotografia.info/tutoriales-de-fotografia/como-evitar-fotos-borrosas/","2","2","100%","2"
"https://estudiodefotografia.info/accesorios-de-fotografia/objetivo-descentrable/","2","1","50%","3"
"https://estudiodefotografia.info/consejos/como-evitar-el-movimiento-de-la-camara-para-fotos-mas-nitidas/","2","0","0%","4"
"https://estudiodefotografia.info/composicion/como-disparar-desde-la-cadera/","2","2","100%","2"
"https://estudiodefotografia.info/humor/fotos-que-dan-risa/","2","0","0%","4"
"https://estudiodefotografia.info/tutoriales-de-fotografia/comprension-de-las-lentes-ultra-gran-angular/","2","0","0%","11.5"
"https://estudiodefotografia.info/paisaje-naturaleza/15-de-las-mejores-localizaciones-de-fotografia-de-viajes-en-el-mundo/","2","0","0%","9"
"https://estudiodefotografia.info/equipo/iphone-dos-camaras/","2","0","0%","7.5"
"https://estudiodefotografia.info/equipo/yn560iv-manual-una-guia-ilustrada-util/","2","0","0%","6.5"
"https://estudiodefotografia.info/consejos/como-lograr-una-fotografia-cinematografica-con-desenfoque-de-movimiento-con-la-regla-de-180-grados/","2","1","50%","1.5"
"https://estudiodefotografia.info/tecnicas-de-fotografia/que-es-la-saturacion-y-como-obtener-la-saturacion-optima/","2","0","0%","4"
"https://estudiodefotografia.info/fondos-de-pantalla/backdrops-para-fotos/","2","0","0%","10"
"https://estudiodefotografia.info/tecnicas-de-fotografia/diafragma-bloqueado/","2","0","0%","3"
"https://estudiodefotografia.info/inspiracion/los-16-mejores-blogs-de-fotografia-de-viajes-para-seguir/","1","0","0%","6"
"https://estudiodefotografia.info/composicion/comprender-la-textura-en-la-fotografia/","1","0","0%","8"
"https://estudiodefotografia.info/inspiracion/como-fotografiar-niebla-12-consejos-para-una-sesion-de-fotos-de-niebla-mistica/","1","3","300%","2"
"https://estudiodefotografia.info/terminos-relacionados/inventor-fotografia/","1","0","0%","6"
"https://estudiodefotografia.info/fotografia/fotografia-analoga/","1","0","0%","4"
"https://estudiodefotografia.info/conceptos-basicos/como-comprender-y-utilizar-facilmente-el-estilo-de-imagen-de-canon/","1","1","100%","4"
"https://estudiodefotografia.info/inspiracion/10-cosas-que-he-aprendido-en-10-anos-como-fotografo/","1","0","0%","4"
"https://estudiodefotografia.info/fotografia-de-guerra/fotografos-de-guerra/","1","0","0%","7"
"https://estudiodefotografia.info/equipo/los-20-mejores-software-de-recuperacion-de-fotos-gratis-recupera-imagenes-perdidas-facilmente/","1","0","0%","8"
"https://estudiodefotografia.info/equipo/panasonic-lumix-dmc/","1","0","0%","2"
"https://estudiodefotografia.info/conceptos-basicos/que-significa-macro/","1","0","0%","7"
"https://estudiodefotografia.info/equipo/comprension-de-las-monturas-de-lentes-todo-lo-que-necesita-saber/","1","0","0%","4"
"https://estudiodefotografia.info/resenas/fuji-x-m1/","1","0","0%","6"
"https://estudiodefotografia.info/documentos-de-identidad/aesa-registro-drones/","1","0","0%","10"
"https://estudiodefotografia.info/composicion/como-usar-marcos-naturales-para-una-mejor-composicion-fotografica/","1","0","0%","5"
"https://estudiodefotografia.info/consejos/los-8-mejores-consejos-para-la-fotografia-macro-con-flash/","1","0","0%","1"
"https://estudiodefotografia.info/consejos/que-es-el-destello-de-lente-y-como-usarlo-para-fotos-creativas/","1","0","0%","1"
"https://estudiodefotografia.info/software/darktable-descargar/","1","0","0%","7"
"https://estudiodefotografia.info/tatuajes/tattoo-orejas-mujer/","1","0","0%","8"
"https://estudiodefotografia.info/tecnicas-de-fotografia/que-es-fotografia-hdr/","1","0","0%","7"
"https://estudiodefotografia.info/consejos/como-enfocar-una-imagen-en-photoshop/","1","0","0%","6"
"https://estudiodefotografia.info/conceptos-basicos/revelar-definicion/","1","1","100%","3"
"https://estudiodefotografia.info/equipo/que-es-el-zapato-frio-y-como-puedes-usarlo/","1","3","300%","2"
"https://estudiodefotografia.info/bodas/fotografos-bodas-net/","1","0","0%","5"
"https://estudiodefotografia.info/post-produccion/como-utilizar-la-herramienta-licuar-de-photoshop-paso-a-paso/","1","0","0%","9"
"https://estudiodefotografia.info/composicion/usa-lineas-convergentes-para-mejorar-tu-composicion/","1","0","0%","10"
"https://estudiodefotografia.info/ilustraciones/dibujo-para-colear/","1","0","0%","10"
"https://estudiodefotografia.info/conceptos-basicos/que-es-una-microsd/","1","0","0%","10"
"https://estudiodefotografia.info/proyectos-de-fotografia-creativa/como-hacer-facilmente-un-diario-fotografico-genial/","1","0","0%","9"
"https://estudiodefotografia.info/inspiracion/10-fotografos-de-bebes-famosos-que-debes-ver/","1","0","0%","6"
"https://estudiodefotografia.info/consejos/cual-es-la-mejor-camara-de-lapso-de-tiempo-las-5-mejores-selecciones/","1","0","0%","4"
"https://estudiodefotografia.info/inspiracion/las-15-citas-mas-importantes-de-susan-sontag-sobre-fotografia/","1","1","100%","5"
"https://estudiodefotografia.info/tutoriales-de-fotografia/como-hacer-un-post/","1","0","0%","7"
"https://estudiodefotografia.info/post-produccion/configuracion-de-la-resolucion-de-photoshop-una-guia-completa-y-una-hoja-de-trucos/","1","0","0%","7"
"https://estudiodefotografia.info/localizaciones/fotos-bonitas-madrid/","1","0","0%","6"
"https://estudiodefotografia.info/compras/leica-q2-segunda-mano/","1","0","0%","57"
"https://estudiodefotografia.info/post-produccion/como-fusionar-fotos-en-lightroom-guia-paso-a-paso/","1","0","0%","7"
"https://estudiodefotografia.info/post-produccion/como-arreglar-fotos-granuladas-en-photoshop-y-lightroom/","1","3","300%","2"
"https://estudiodefotografia.info/conceptos-basicos/resena-de-photzy-action-cards-y-88-de-descuento-65-hojas-de-proyectos-de-fotografia-imprimibles/","1","0","0%","97"
"https://estudiodefotografia.info/post-produccion/fotografia-editada/","1","0","0%","7"
"https://estudiodefotografia.info/retrato/fotos-de-una-madre/","1","0","0%","1"
"https://estudiodefotografia.info/conceptos-basicos/como-tomar-fotos-impresionantes-con-la-camara-del-iphone-xr/","1","0","0%","6"
"https://estudiodefotografia.info/conceptos-basicos/101-terminos-de-fotografia-que-debes-saber/","1","1","100%","2"
"https://estudiodefotografia.info/equipo/equipo-fotografico/","1","0","0%","8"
"https://estudiodefotografia.info/post-produccion/guia-facil-para-usar-controles-deslizantes-de-color-hsl-en-lightroom/","1","0","0%","1"
"https://estudiodefotografia.info/compras/mini-camaras-amazon/","1","0","0%","7"
"https://estudiodefotografia.info/post-produccion/como-instalar-ajustes-preestablecidos-de-lightroom/","1","0","0%","6"
"https://estudiodefotografia.info/compras/camaras-retro-baratas/","1","0","0%","8"
"https://estudiodefotografia.info/composicion/como-usar-colores-complementarios-en-fotografia/","1","0","0%","4"
"https://estudiodefotografia.info/redes-sociales/imagen-en-pinterest/","1","0","0%","7"
"https://estudiodefotografia.info/conceptos-basicos/que-es-la-distancia-focal-y-por-que-es-importante-en-la-fotografia/","1","0","0%","10"
"https://estudiodefotografia.info/fotografia/manos-cogiendo-algo/","1","0","0%","10"
"https://estudiodefotografia.info/proyectos-de-fotografia-creativa/21-ideas-geniales-de-fotografia-macro-para-probar-hoy/","1","1","100%","3"
"https://estudiodefotografia.info/consejos/que-es-una-lente-tilt-shift-como-y-por-que-usar-una/","1","0","0%","4"
"https://estudiodefotografia.info/equipo/la-mejor-camara-para-fotografia-de-productos-10-mejores-selecciones/","1","0","0%","8"
"https://estudiodefotografia.info/paisaje-naturaleza/etica-de-la-fotografia-de-viajes-cuando-no-deberias-tomar-esa-foto/","1","1","100%","2"
"https://estudiodefotografia.info/edicion-digital/anadir-marca-de-agua/","1","1","100%","6"
"https://estudiodefotografia.info/fotografia-de-emociones/imagenes-de-aburrida/","1","2","200%","7"
"https://estudiodefotografia.info/compras/imprimir-economico/","1","1","100%","1"
"https://estudiodefotografia.info/proyectos-de-fotografia-creativa/7-divertidos-proyectos-de-fotografia-para-hacer-con-ninos/","1","0","0%","5"
"https://estudiodefotografia.info/fotografia/artistas-fotografos/","1","0","0%","10"
"https://estudiodefotografia.info/resenas/fuji-x-t1/","1","0","0%","7"
"https://estudiodefotografia.info/compras/compra-fotos-online/","1","0","0%","3"
"https://estudiodefotografia.info/post-produccion/comparacion-de-rendimiento-de-lightroom-2-3-4-5-6-y-cc/","1","0","0%","9"
"https://estudiodefotografia.info/arquitectura/planos-contrapicados/","1","0","0%","5"
"https://estudiodefotografia.info/arte/fotografia-pictorica/","1","0","0%","7"
"https://estudiodefotografia.info/conceptos-basicos/cosas-de-color-verde/","1","0","0%","9"
"https://estudiodefotografia.info/conceptos-basicos/que-significan-los-numeros-y-las-letras-en-las-lentes/","1","0","0%","3"
"https://estudiodefotografia.info/equipo/lista-de-camaras-con-gps-incorporado-y-algunos-consejos-sobre-etiquetado-geografico/","1","2","200%","2"
"https://estudiodefotografia.info/equipo/los-15-mejores-catalejos-para-la-fotografia-de-aves-en-2022/","1","1","100%","5"
"https://estudiodefotografia.info/fotografia/fotografos-actuales/","1","0","0%","9"
"https://estudiodefotografia.info/retrato/foto-de-mujer-arabe/","1","0","0%","6"
"https://estudiodefotografia.info/terminos-relacionados/transmite-o-trasmite/","1","0","0%","9"
"https://estudiodefotografia.info/conceptos-basicos/configuracion-de-la-camara-de-fotografia-de-atardeceres-para-principiantes/","1","0","0%","4"
"https://estudiodefotografia.info/conceptos-basicos/12-secretos-para-tomar-hermosas-fotografias-principios-de-la-fotografia/","1","0","0%","8"
"https://estudiodefotografia.info/fotografia/samuelle-leibovitz/","1","0","0%","9"
"https://estudiodefotografia.info/resenas/gnarbox-2-0-ssd/","1","1","100%","6"
"https://estudiodefotografia.info/consejos/la-guia-definitiva-para-la-fotografia-familiar-67-consejos/","1","0","0%","3"
"https://estudiodefotografia.info/consejos/que-es-un-archivo-orf-y-como-abrir-uno/","1","0","0%","7"
"https://estudiodefotografia.info/post-produccion/ajustes-de-importacion-de-lightroom/","1","0","0%","6"
"https://estudiodefotografia.info/resenas/nikon-20mm-f-1-8g-ed/","1","1","100%","1"
"https://estudiodefotografia.info/consejos/los-10-mejores-lugares-para-tomar-fotografias-en-paris/","1","0","0%","8"
"https://estudiodefotografia.info/post-produccion/como-editar-fotos-de-paisajes-en-lightroom/","1","0","0%","6"
"https://estudiodefotografia.info/equipo/nikon-z6-frente-a-nikon-d750/","1","2","200%","2"
"https://estudiodefotografia.info/fotografia/fotografos-franceses/","1","0","0%","6"
"https://estudiodefotografia.info/familia/ideas-fotos-familia/","1","0","0%","10"
"https://estudiodefotografia.info/post-produccion/escanear-negativos/","1","0","0%","4"
"https://estudiodefotografia.info/conceptos-basicos/revision-de-lensball-es-la-mejor-bola-de-cristal-para-fotografia/","1","0","0%","5"
"https://estudiodefotografia.info/compras/camara-gopro-barata/","1","0","0%","3"
"https://estudiodefotografia.info/post-produccion/como-crear-impresionantes-fotografias-compuestas-en-photoshop/","1","0","0%","9"
"https://estudiodefotografia.info/tutoriales-de-fotografia/comprender-los-modos-de-la-camara-digital/","1","0","0%","5"
"https://estudiodefotografia.info/conceptos-basicos/que-es-un-encuadre/","1","0","0%","8"
"https://estudiodefotografia.info/documentos-de-identidad/escaneando-el-pasado/","1","0","0%","1"
"https://estudiodefotografia.info/proyectos-de-fotografia-creativa/50-impresionantes-ejemplos-de-fotografia-con-desenfoque-de-movimiento/","1","0","0%","9"
"https://estudiodefotografia.info/post-produccion/explicacion-de-las-mascaras-de-rango-una-de-las-herramientas-mas-poderosas-de-lightroom/","1","0","0%","4"
