Page,Visitors,Total
"/404",1924,2004
"/",24,32
"/conceptos-basicos/que-son-los-filtros-nd-cuando-y-como-usarlos",11,16
"/retrato/46-fotografos-de-retratos-famosos-que-deberias-conocer",10,14
"/composicion/pie-de-foto-ejemplos",9,11
"/guias",9,11
"/conceptos-basicos/comprender-la-resolucion-de-la-camara-y-los-megapixeles-guia-facil",8,9
"/post-produccion/como-abrir-imagenes-sin-procesar-en-gimp-rawtherapee-y-darktable",8,8
"/composicion",7,8
"/conceptos-basicos",7,11
"/conceptos-basicos/que-es-el-valor-de-exposicion-y-como-usar-ev-en-fotografia",7,9
"/documentos-de-identidad/tamano-carnet-medidas",7,7
"/inspiracion/que-es-un-ensayo-fotografico-17-ejemplos-e-ideas",7,8
"/retrato/fotografia-de-desnudo-artistico",7,7
"/conceptos-basicos/guia-para-principiantes-de-lentes-de-camara-partes-funciones-y-tipos",6,9
"/paisaje-naturaleza/que-es-un-filtro-cpl-como-cuando-y-por-que-usar-uno",6,6
"/post-produccion/que-es-adobe-camera-raw-y-como-empezar",6,7
"/post-produccion/que-es-un-archivo-cr3-y-como-abrir-uno",6,6
"/conceptos-basicos/que-es-un-archivo-arw-y-como-abrir-uno",5,5
"/post-produccion",5,5
"/software/capture-one-gratis",5,5
"/accesorios-de-fotografia/registrar-dron-dji",4,5
"/conceptos-basicos/como-tomar-buenas-fotografias-10-pasos-infalibles",4,4
"/conceptos-basicos/que-es-la-exposicion",4,4
"/documentos-de-identidad",4,4
"/paisaje-naturaleza",4,4
"/post-produccion/la-mejor-configuracion-de-exportacion-de-lightroom-para-impresion-instagram-y-mas",4,8
"/accesorios-de-fotografia",3,3
"/composicion/los-10-elementos-de-la-composicion-en-fotografia",3,3
"/conceptos-basicos/101-terminos-de-fotografia-que-debes-saber",3,3
"/conceptos-basicos/que-es-una-lente-gran-angular-y-cuando-usar-una",3,3
"/consejos/como-utilizar-d-lighting-activo-de-nikon",3,3
"/consejos/explicacion-del-boton-af-on",3,3
"/edicion-digital/digitalizar-imagenes",3,4
"/inspiracion",3,3
"/localizaciones/los-20-fotografos-callejeros-mas-famosos-que-deberias-conocer",3,3
"/paisaje-naturaleza/los-27-fotografos-de-paisajes-mas-influyentes-a-seguir",3,4
"/post-produccion/una-guia-para-principiantes-para-editar-fotos-en-gimp",3,3
"/tutoriales-de-fotografia/configuracion-recomendada-de-sony-a6400",3,4
"/artesania/que-es-daguerrotipo",2,2
"/composicion/lineas-convergentes",2,2
"/conceptos-basicos/como-usar-el-primer-plano-el-medio-y-el-fondo-en-la-fotografia",2,3
"/conceptos-basicos/que-es-el-visor-de-la-camara-y-como-funciona",2,2
"/conceptos-basicos/que-tan-grande-es-una-foto-de-4-x-6-tamano-real-en-pixeles-pulgadas-cm-y-mm",2,2
"/conceptos-basicos/regla-de-la-mirada",2,2
"/consejos/12-herramientas-de-seleccion-de-photoshop-que-debes-conocer",2,2
"/equipo",2,3
"/equipo/que-es-el-boton-ae-l-y-af-l-en-una-nikon-dslr",2,2
"/inspiracion/12-increibles-juegos-de-fotografia-para-jugar",2,2
"/inspiracion/frases-sobre-fotos",2,2
"/localizaciones",2,2
"/paisaje-naturaleza/paisajes-con-lineas",2,2
"/post-produccion/como-fusionar-capas-en-photoshop-explicacion-de-los-modos-de-fusion",2,2
"/post-produccion/como-utilizar-la-herramienta-pincel-corrector-puntual-en-photoshop-paso-a-paso",2,2
"/resenas",2,2
"/resenas/nikon-50mm-f-1-2-ai-s",2,2
"/retrato",2,2
"/retrato/cual-es-la-mejor-lente-para-retratos-las-30-mejores-selecciones",2,2
"/retrato/las-25-mejores-poses-masculinas-guia-para-fotografiar-hombres",2,2
"/tutoriales-de-fotografia",2,2
"/tutoriales-de-fotografia/comprension-de-iso-velocidad-de-obturacion-y-apertura-una-guia-para-principiantes",2,2
"/tutoriales-de-fotografia/guia-completa-de-fotografia-en-blanco-y-negro",2,2
"/arte/imagenes-emocionales",1,1
"/busqueda-por-imagenes/como-guardar-imagenes",1,1
"/composicion/25-asombrosos-ejemplos-de-colores-complementarios-en-fotografia",1,2
"/composicion/como-tomar-fotografias-monocromaticas-en-color",1,1
"/composicion/plano-semisubjetivo",1,1
"/compras",1,1
"/compras/imprimir-economico",1,1
"/conceptos-basicos/como-comprender-y-utilizar-facilmente-el-estilo-de-imagen-de-canon",1,1
"/conceptos-basicos/por-que-los-fotografos-utilizan-fondos-verdes",1,1
"/conceptos-basicos/que-es-el-obturador",1,1
"/conceptos-basicos/shutter-significado",1,1
"/conceptos-basicos/tamano-a3-en-pixeles",1,1
"/consejos/8-consejos-para-proteger-las-fotografias-impresas",1,1
"/consejos/abreviaturas-de-lentes-nikon-y-lo-que-significan-una-guia-facil",1,1
"/consejos/como-recortar-una-imagen-en-gimp-facil-paso-a-paso",1,1
"/consejos/explicacion-de-la-calibracion-del-color-de-la-camara",1,1
"/consejos/que-es-el-valor-en-la-fotografia-y-como-usarlo",1,1
"/documentos-de-identidad/foto-dni-dimensiones",1,1
"/documentos-de-identidad/que-es-una-ortofoto",1,1
"/edicion-digital",1,1
"/edicion-digital/anadir-marca-de-agua",1,1
"/equipo/la-mejor-camara-para-fotografia-de-productos-10-mejores-selecciones",1,1
"/equipo/las-12-mejores-camaras-para-fotografia-de-conciertos",1,1
"/equipo/lista-de-camaras-con-gps-incorporado-y-algunos-consejos-sobre-etiquetado-geografico",1,1
"/equipo/obturador-mecanico-vs-electronico-vs-efcs",1,1
"/equipo/opciones-raw-comprimidas-sin-comprimir-y-comprimidas-sin-perdidas",1,1
"/equipo/revision-de-panasonic-lumix-gh5",1,1
"/equipo/todas-las-camaras-nikon-actuales-a-partir-de-2022-comparadas",1,1
"/fotografia",1,1
"/fotografia-de-hombres",1,1
"/fotografia/fotografos-actuales",1,1
"/fotografia/panasonic-lumix-fz82",1,1
"/iluminacion/que-es-la-iluminacion",1,1
"/ilustraciones/como-dibujar-un-sol",1,1
"/inspiracion/12-fotoperiodistas-famosos-que-deberias-conocer",1,1
"/inspiracion/12-ideas-divertidas-y-creativas-de-fotografia-de-pascua-para-probar",1,1
"/inspiracion/15-fotografos-de-comida-famosos-para-inspirarte",1,1
"/inspiracion/21-fotografos-ambientales-mas-influyentes-a-seguir",1,1
"/inspiracion/las-15-citas-mas-importantes-de-susan-sontag-sobre-fotografia",1,1
"/inspiracion/las-23-mejores-peliculas-de-fotografia-todo-fotografo-debe-verlas",1,1
"/localizaciones/planos-casa-simpson",1,1
"/opiniones",1,1
"/paisaje-naturaleza/fotos-del-sol-reales",1,1
"/post-produccion/como-arreglar-fotos-granuladas-en-photoshop-y-lightroom",1,1
"/post-produccion/como-configurar-y-vaciar-discos-temporales-en-adobe-photoshop",1,1
"/post-produccion/fotografia-editada",1,1
"/post-produccion/que-son-los-canales-de-photoshop-y-como-empezar-a-usarlos",1,1
"/proyectos-de-fotografia-creativa/21-ideas-geniales-de-fotografia-macro-para-probar-hoy",1,5
"/proyectos-de-fotografia-creativa/como-convertir-fotos-en-pinturas-con-photoshop",1,1
"/proyectos-de-fotografia-creativa/como-usar-editar-y-compartir-fotos-en-vivo-en-tu-iphone",1,1
"/resenas/canon-eos-80d",1,1
"/retrato/foto-de-mujer-arabe",1,1
"/retrato/las-16-mejores-ideas-para-selfies-para-que-tus-fotos-de-perfil-se-destaquen",1,1
"/tecnicas-de-fotografia",1,1
"/tecnicas-de-fotografia/que-es-fotografia-hdr",1,1
"/tecnicas-de-fotografia/que-es-la-saturacion-y-como-obtener-la-saturacion-optima",1,1
"/tecnicas-de-fotografia/seis-consejos-para-mejores-fotografias-de-plantas",1,1
"/tecnologia",1,1
"/tutoriales-de-fotografia/como-evitar-fotos-borrosas",1,1
"/tutoriales-de-fotografia/como-hacer-un-post",1,1
"/tutoriales-de-fotografia/como-usar-lightroom-un-tutorial-completo-para-principiantes",1,1